{
  "best": {
    "_epoch_": {},
    "train": {
      "loss": 149.7653350830078,
      "loss/std": 125.80361938476562,
      "lr": 0.001,
      "momentum": 0.9
    },
    "valid": {
      "loss": 133.0708770751953,
      "loss/std": 0.0,
      "lr": 0.001,
      "momentum": 0.9
    },
    "_score_": "train.5"
  },
  "last": {
    "_epoch_": {},
    "train": {
      "loss": 90.2474136352539,
      "loss/std": 100.78417205810547,
      "lr": 0.001,
      "momentum": 0.9
    },
    "valid": {
      "loss": 359.48590087890625,
      "loss/std": 0.0,
      "lr": 0.001,
      "momentum": 0.9
    },
    "_score_": 359.48590087890625
  },
  "train.5": {
    "_epoch_": {},
    "train": {
      "loss": 149.7653350830078,
      "loss/std": 125.80361938476562,
      "lr": 0.001,
      "momentum": 0.9
    },
    "valid": {
      "loss": 133.0708770751953,
      "loss/std": 0.0,
      "lr": 0.001,
      "momentum": 0.9
    },
    "_score_": 133.0708770751953
  }
}